"id","prospect_id","customer_signoff","sr_signoff","created","modified"
"pc_report","BPS75796",2021-02-05,2021-02-08,"",""
"231075","BPS75796",2021-02-05,NA,"1608064783","1612796357"
"pc_report","BPS76378",2020-12-28,2021-02-08,"",""
"232695","BPS76378",2020-12-28,NA,"1608636851","1612790129"
"pc_report","BPS77975",2021-01-15,2021-02-08,"",""
"244691","BPS77975",2021-01-15,NA,"1610643608","1612854744"
"pc_report","BPS78359",2021-01-28,2021-02-08,"",""
"248849","BPS78359",2021-01-28,NA,"1610981249","1612883288"
"pc_report","BPS79086",2021-01-23,2021-02-08,"",""
"254098","BPS79086",2021-01-23,NA,"1611400468","1612862109"
"pc_report","BPS80136",2021-02-02,2021-02-08,"",""
"264950","BPS80136",2021-02-02,NA,"1612328040","1612847425"
"pc_report","BPS80213",2021-02-04,2021-02-08,"",""
"265054","BPS80213",2021-02-04,NA,"1612328476","1612861949"
"pc_report","BPS80256",2021-02-02,2021-02-08,"",""
"264953","BPS80256",2021-02-02,NA,"1612328051","1612854929"
"pc_report","BPS80280",2021-02-03,2021-02-08,"",""
"265074","BPS80280",2021-02-03,NA,"1612328487","1612798003"
"pc_report","BPS80328",2021-02-06,2021-02-08,"",""
"265378","BPS80328",2021-02-06,NA,"1612350914","1612883472"
"pc_report","BPS80343",2021-02-03,2021-02-08,"",""
"265397","BPS80343",2021-02-03,NA,"1612354417","1612855408"
"pc_report","BPS80444",2021-02-06,2021-02-08,"",""
"265811","BPS80444",2021-02-06,NA,"1612380395","1612846666"
"pc_report","BPS80461",2021-02-05,2021-02-08,"",""
"265911","BPS80461",2021-02-05,NA,"1612386239","1612817319"
"pc_report","BPS80483",2021-02-04,2021-02-08,"",""
"266422","BPS80483",2021-02-04,NA,"1612431333","1612789984"
"pc_report","BPS80502",2021-02-07,2021-02-08,"",""
"266478","BPS80502",2021-02-07,NA,"1612435828","1612805672"
"pc_report","BPS80504",2021-02-06,2021-02-08,"",""
"266483","BPS80504",2021-02-06,NA,"1612436119","1612796995"
"pc_report","BPS80512",2021-02-04,2021-02-08,"",""
"266524","BPS80512",2021-02-04,NA,"1612438216","1612815847"
"pc_report","BPS80570",2021-02-05,2021-02-08,"",""
"266749","BPS80570",2021-02-05,NA,"1612453181","1612814691"
"pc_report","BPS80661",2021-02-05,2021-02-08,"",""
"267006","BPS80661",2021-02-05,NA,"1612475718","1612862473"
"pc_report","BPS80690",2021-02-05,2021-02-08,"",""
"267458","BPS80690",2021-02-05,NA,"1612516812","1612817451"
"pc_report","BPS80692",2021-02-05,2021-02-08,"",""
"267492","BPS80692",2021-02-05,NA,"1612517532","1612883293"
"pc_report","BPS80708",2021-02-06,2021-02-08,"",""
"267522","BPS80708",2021-02-06,NA,"1612521845","1612817066"
"pc_report","BPS80801",2021-02-05,2021-02-08,"",""
"267811","BPS80801",2021-02-05,NA,"1612540612","1612883886"
"pc_report","BPS80855",2021-02-05,2021-02-08,"",""
"267984","BPS80855",2021-02-05,NA,"1612553394","1612884299"
"pc_report","BPS80987",2021-02-06,2021-02-08,"",""
"268861","BPS80987",2021-02-06,NA,"1612622607","1612816278"
"pc_report","BPS80998",2021-02-06,2021-02-08,"",""
"268893","BPS80998",2021-02-06,NA,"1612625051","1612815496"
"pc_report","BPS81007",2021-02-06,2021-02-08,"",""
"268933","BPS81007",2021-02-06,NA,"1612626394","1612883950"
"pc_report","BPS81033",2021-02-07,2021-02-08,"",""
"269065","BPS81033",2021-02-07,NA,"1612635913","1612814166"
